"","DISTRICT","total_violations","parcel_count","pct_violations"
"1","1",7186,51700,13.899419729207
"2","10",2387,44978,5.3070389968429
"3","2",8002,53789,14.8766476417111
"4","3",11126,42742,26.0306022179589
"5","4",7501,51369,14.602191983492
"6","5",10890,43197,25.2100840336134
"7","6",4323,50584,8.54618061046971
"8","7",11546,55499,20.8039784500622
"9","8",11068,50414,21.9542190661324
"10","9",5276,52107,10.1253190550214
